{
    "name": "Global Information",
    "numberOfRequests": {
        "total": 5000,
        "ok": 4500,
        "ko": 500
    },
    "minResponseTime": {
        "total": 311,
        "ok": 311,
        "ko": 20314
    },
    "maxResponseTime": {
        "total": 23533,
        "ok": 23533,
        "ko": 21627
    },
    "meanResponseTime": {
        "total": 8561,
        "ok": 7225,
        "ko": 20586
    },
    "standardDeviation": {
        "total": 7610,
        "ok": 6818,
        "ko": 302
    },
    "percentiles1": {
        "total": 6776,
        "ok": 4720,
        "ko": 20454
    },
    "percentiles2": {
        "total": 12259,
        "ok": 10256,
        "ko": 20573
    },
    "percentiles3": {
        "total": 18704,
        "ok": 16988,
        "ko": 20850
    },
    "percentiles4": {
        "total": 21220,
        "ok": 20165,
        "ko": 21463
    },
    "group1": {
    "name": "t < 800 ms",
    "count": 960,
    "percentage": 19
},
    "group2": {
    "name": "800 ms < t < 1200 ms",
    "count": 502,
    "percentage": 10
},
    "group3": {
    "name": "t > 1200 ms",
    "count": 3038,
    "percentage": 61
},
    "group4": {
    "name": "failed",
    "count": 500,
    "percentage": 10
},
    "meanNumberOfRequestsPerSecond": {
        "total": 27.027027027027028,
        "ok": 24.324324324324323,
        "ko": 2.7027027027027026
    }
}