{
    "name": "Global Information",
    "numberOfRequests": {
        "total": 6000,
        "ok": 798,
        "ko": 5202
    },
    "minResponseTime": {
        "total": 273,
        "ok": 1336,
        "ko": 273
    },
    "maxResponseTime": {
        "total": 69954,
        "ok": 69518,
        "ko": 69954
    },
    "meanResponseTime": {
        "total": 16451,
        "ok": 21956,
        "ko": 15607
    },
    "standardDeviation": {
        "total": 18991,
        "ok": 17748,
        "ko": 19035
    },
    "percentiles1": {
        "total": 10001,
        "ok": 19597,
        "ko": 10001
    },
    "percentiles2": {
        "total": 12336,
        "ok": 28693,
        "ko": 11379
    },
    "percentiles3": {
        "total": 39123,
        "ok": 43852,
        "ko": 25805
    },
    "percentiles4": {
        "total": 60001,
        "ok": 59826,
        "ko": 60001
    },
    "group1": {
    "name": "t < 800 ms",
    "count": 0,
    "percentage": 0
},
    "group2": {
    "name": "800 ms < t < 1200 ms",
    "count": 0,
    "percentage": 0
},
    "group3": {
    "name": "t > 1200 ms",
    "count": 798,
    "percentage": 13
},
    "group4": {
    "name": "failed",
    "count": 5202,
    "percentage": 87
},
    "meanNumberOfRequestsPerSecond": {
        "total": 25.862068965517242,
        "ok": 3.439655172413793,
        "ko": 22.42241379310345
    }
}