{
    "name": "Global Information",
    "numberOfRequests": {
        "total": 4000,
        "ok": 828,
        "ko": 3172
    },
    "minResponseTime": {
        "total": 940,
        "ok": 940,
        "ko": 1150
    },
    "maxResponseTime": {
        "total": 107449,
        "ok": 59903,
        "ko": 107449
    },
    "meanResponseTime": {
        "total": 19753,
        "ok": 21634,
        "ko": 19263
    },
    "standardDeviation": {
        "total": 22541,
        "ok": 16003,
        "ko": 23932
    },
    "percentiles1": {
        "total": 8135,
        "ok": 18566,
        "ko": 6016
    },
    "percentiles2": {
        "total": 15719,
        "ok": 26232,
        "ko": 12166
    },
    "percentiles3": {
        "total": 60000,
        "ok": 41648,
        "ko": 60000
    },
    "percentiles4": {
        "total": 60001,
        "ok": 58394,
        "ko": 60001
    },
    "group1": {
    "name": "t < 800 ms",
    "count": 0,
    "percentage": 0
},
    "group2": {
    "name": "800 ms < t < 1200 ms",
    "count": 41,
    "percentage": 1
},
    "group3": {
    "name": "t > 1200 ms",
    "count": 787,
    "percentage": 20
},
    "group4": {
    "name": "failed",
    "count": 3172,
    "percentage": 79
},
    "meanNumberOfRequestsPerSecond": {
        "total": 12.048192771084338,
        "ok": 2.4939759036144578,
        "ko": 9.55421686746988
    }
}