{
    "name": "Global Information",
    "numberOfRequests": {
        "total": 2000,
        "ok": 1193,
        "ko": 807
    },
    "minResponseTime": {
        "total": 293,
        "ok": 293,
        "ko": 10000
    },
    "maxResponseTime": {
        "total": 60001,
        "ok": 59931,
        "ko": 60001
    },
    "meanResponseTime": {
        "total": 16656,
        "ok": 7001,
        "ko": 30928
    },
    "standardDeviation": {
        "total": 21329,
        "ok": 12336,
        "ko": 23686
    },
    "percentiles1": {
        "total": 10001,
        "ok": 1206,
        "ko": 13398
    },
    "percentiles2": {
        "total": 15539,
        "ok": 6928,
        "ko": 60000
    },
    "percentiles3": {
        "total": 60000,
        "ok": 39724,
        "ko": 60001
    },
    "percentiles4": {
        "total": 60001,
        "ok": 56901,
        "ko": 60001
    },
    "group1": {
    "name": "t < 800 ms",
    "count": 246,
    "percentage": 12
},
    "group2": {
    "name": "800 ms < t < 1200 ms",
    "count": 348,
    "percentage": 17
},
    "group3": {
    "name": "t > 1200 ms",
    "count": 599,
    "percentage": 30
},
    "group4": {
    "name": "failed",
    "count": 807,
    "percentage": 40
},
    "meanNumberOfRequestsPerSecond": {
        "total": 13.513513513513514,
        "ok": 8.06081081081081,
        "ko": 5.452702702702703
    }
}